Workbook

Sheet Rates
A1: Date | B1: USD | C1: AUD | D1: CAD | E1: CHF | F1: DKK | G1: EUR | H1: GBP | I1: IDR | J1: JPY | K1: MXN | L1: MYR | M1: NOK | N1: PHP | O1: SAR | P1: SEK | Q1: THB | R1: TRY | S1: TWD | T1: ZAR
A2: 35461 | B2: 5.25 | C2: 6 | D2: 3 | E2: 1 | F2: 3.5 | G2: 3.15 | H2: 5.938 | I2: 12.06 | J2: 0.5 | K2: 28.64 | L2: 3.15 | M2: 4 | N2: 10.75 | O2: 5.5625 | P2: 1 | Q2: 5.477 | R2: 61.73 | S2: 5.5 | T2: 17
A3: 35489 | B3: 5.25 | C3: 6 | D3: 3 | E3: 1 | F3: 3.5 | G3: 3.1 | H3: 5.938 | I3: 11.75 | J3: 0.5 | K3: 24.325 | L3: 3.1 | M3: 3.25 | N3: 10.5 | O3: 5.5 | P3: 1 | Q3: 5.539 | R3: 66.54 | S3: 5.875 | T3: 17
A4: 35520 | B4: 5.5 | C4: 6 | D4: 3 | E4: 1 | F4: 3.5 | G4: 3.1 | H4: 5.938 | I4: 11.07 | J4: 0.5 | K4: 23.01999 | L4: 3.1 | M4: 3.25 | N4: 10.438 | O4: 5.5 | P4: 1 | Q4: 5.57 | R4: 65.51 | S4: 6.325 | T4: 17
A5: 35550 | B5: 5.5 | C5: 6 | D5: 3 | E5: 1 | F5: 3.5 | G5: 3.1 | H5: 5.938 | I5: 10.72 | J5: 0.5 | K5: 23.245 | L5: 3.1 | M5: 3.25 | N5: 9.9 | O5: 5.6875 | P5: 1 | Q5: 5.828 | R5: 68.77 | S5: 6.475 | T5: 17
A6: 35580 | B6: 5.5 | C6: 6 | D6: 3 | E6: 1 | F6: 3.5 | G6: 3.1 | H6: 5.938 | I6: 10.63 | J6: 0.5 | K6: 21.39 | L6: 3.1 | M6: 3.25 | N6: 10.25 | O6: 5.8125 | P6: 1 | Q6: 5.82 | R6: 66.58 | S6: 5.95 | T6: 17
A7: 35611 | B7: 5.5 | C7: 5.5 | D7: 3 | E7: 1 | F7: 3.5 | G7: 3.1 | H7: 6.25 | I7: 10.5 | J7: 0.5 | K7: 20.67999 | L7: 3.1 | M7: 3.25 | N7: 16 | O7: 5.8125 | P7: 1 | Q7: 6.477 | R7: 70.32 | S7: 5.75 | T7: 17
A8: 35642 | B8: 5.5 | C8: 5.5 | D8: 3.25 | E8: 1 | F8: 3.5 | G8: 3.1 | H8: 6.5 | I8: 10.87 | J8: 0.5 | K8: 23.79999 | L8: 3.1 | M8: 3.25 | N8: 15 | O8: 5.9375 | P8: 1 | Q8: 6.1042 | R8: 68.92 | S8: 6.85 | T8: 17
A9: 35671 | B9: 5.5 | C9: 5 | D9: 3.25 | E9: 1 | F9: 3.5 | G9: 3.1 | H9: 6.75 | I9: 13.67 | J9: 0.5 | K9: 20.37999 | L9: 3.1 | M9: 3.5 | N9: 20 | O9: 5.875 | P9: 1 | Q9: 6.839 | R9: 73.97 | S9: 7.713 | T9: 17
A10: 35703 | B10: 5.5 | C10: 5 | D10: 3.25 | E10: 1 | F10: 3.5 | G10: 3.1 | H10: 7 | I10: 22 | J10: 0.5 | K10: 21.52499 | L10: 3.1 | M10: 3.5 | N10: 12 | O10: 5.8125 | P10: 1 | Q10: 8.201 | R10: 74.97 | S10: 7.9 | T10: 17
A11: 35734 | B11: 5.5 | C11: 5 | D11: 3.5 | E11: 1 | F11: 3.5 | G11: 3.1 | H11: 7 | I11: 20.7 | J11: 0.5 | K11: 17.92999 | L11: 3.1 | M11: 3.5 | N11: 12 | O11: 5.875 | P11: 1 | Q11: 7.4943 | R11: 71.39 | S11: 7.7 | T11: 17
A12: 35762 | B12: 5.5 | C12: 5 | D12: 3.5 | E12: 1 | F12: 3.75 | G12: 3.3 | H12: 7 | I12: 20 | J12: 0.5 | K12: 24.15999 | L12: 3.3 | M12: 3.5 | N12: 12 | O12: 6 | P12: 1 | Q12: 9.335 | R12: 77.87 | S12: 7.925 | T12: 16
A13: 35795 | B13: 5.5 | C13: 5 | D13: 3.75 | E13: 1 | F13: 3.75 | G13: 3.3 | H13: 7.25 | I13: 20 | J13: 0.5 | K13: 20.47499 | L13: 3.3 | M13: 3.5 | N13: 12 | O13: 6.375 | P13: 1 | Q13: 8.161 | R13: 77.93 | S13: 8.125 | T13: 16
... A330: 45443 | B330: 0 | C330: 4.35 | D330: 5 | E330: 1.5 | F330: 3.6 | G330: 0 | H330: 5.25 | I330: 6.25 | J330: 0.05 | K330: 11.245 | L330: 0 | M330: 4.5 | N330: 6.5 | O330: 5.8067 | P330: 1.5 | Q330: 4.29982 | R330: 47 | S330: 1.44 | T330: 8.25

Sheet CAR
A1: Date | B1: USD/AUD | C1: USD/CAD | D1: USD/CHF | E1: USD/DKK | F1: USD/EUR | G1: USD/GBP | H1: USD/IDR | I1: USD/JPY | J1: USD/MXN | K1: USD/MYR | L1: USD/NOK | M1: USD/PHP | N1: USD/SAR | O1: USD/SEK | P1: USD/THB | Q1: USD/TRY | R1: USD/TWD | S1: USD/ZAR
A2: 35461 | B2: =Rates!C2-Rates!$B2 -> 0.75 | C2: =Rates!D2-Rates!$B2 -> -2.25 | D2: =Rates!E2-Rates!$B2 -> -4.25 | E2: =Rates!F2-Rates!$B2 -> -1.75 | F2: =Rates!G2-Rates!$B2 -> -2.1 | G2: =Rates!H2-Rates!$B2 -> 0.688 | H2: =Rates!I2-Rates!$B2 -> 6.81 | I2: =Rates!J2-Rates!$B2 -> -4.75 | ... S2: =Rates!T2-Rates!$B2 -> 11.75
A3: 35489 | B3: =Rates!C3-Rates!$B3 -> 0.75 | C3: =Rates!D3-Rates!$B3 -> -2.25 | D3: =Rates!E3-Rates!$B3 -> -4.25 | E3: =Rates!F3-Rates!$B3 -> -1.75 | F3: =Rates!G3-Rates!$B3 -> -2.15 | G3: =Rates!H3-Rates!$B3 -> 0.688 | H3: =Rates!I3-Rates!$B3 -> 6.5 | I3: =Rates!J3-Rates!$B3 -> -4.75 | ... S3: =Rates!T3-Rates!$B3 -> 11.75
A4: 35520 | B4: =Rates!C4-Rates!$B4 -> 0.5 | C4: =Rates!D4-Rates!$B4 -> -2.5 | D4: =Rates!E4-Rates!$B4 -> -4.5 | E4: =Rates!F4-Rates!$B4 -> -2 | F4: =Rates!G4-Rates!$B4 -> -2.4 | G4: =Rates!H4-Rates!$B4 -> 0.438 | H4: =Rates!I4-Rates!$B4 -> 5.57 | I4: =Rates!J4-Rates!$B4 -> -5 | ... S4: =Rates!T4-Rates!$B4 -> 11.5
A5: 35550 | B5: =Rates!C5-Rates!$B5 -> 0.5 | C5: =Rates!D5-Rates!$B5 -> -2.5 | D5: =Rates!E5-Rates!$B5 -> -4.5 | E5: =Rates!F5-Rates!$B5 -> -2 | F5: =Rates!G5-Rates!$B5 -> -2.4 | G5: =Rates!H5-Rates!$B5 -> 0.438 | H5: =Rates!I5-Rates!$B5 -> 5.22 | I5: =Rates!J5-Rates!$B5 -> -5 | ... S5: =Rates!T5-Rates!$B5 -> 11.5
A6: 35580 | B6: =Rates!C6-Rates!$B6 -> 0.5 | C6: =Rates!D6-Rates!$B6 -> -2.5 | D6: =Rates!E6-Rates!$B6 -> -4.5 | E6: =Rates!F6-Rates!$B6 -> -2 | F6: =Rates!G6-Rates!$B6 -> -2.4 | G6: =Rates!H6-Rates!$B6 -> 0.438 | H6: =Rates!I6-Rates!$B6 -> 5.13 | I6: =Rates!J6-Rates!$B6 -> -5 | ... S6: =Rates!T6-Rates!$B6 -> 11.5
A7: 35611 | B7: =Rates!C7-Rates!$B7 -> 0 | C7: =Rates!D7-Rates!$B7 -> -2.5 | D7: =Rates!E7-Rates!$B7 -> -4.5 | E7: =Rates!F7-Rates!$B7 -> -2 | F7: =Rates!G7-Rates!$B7 -> -2.4 | G7: =Rates!H7-Rates!$B7 -> 0.75 | H7: =Rates!I7-Rates!$B7 -> 5 | I7: =Rates!J7-Rates!$B7 -> -5 | ... S7: =Rates!T7-Rates!$B7 -> 11.5
A8: 35642 | B8: =Rates!C8-Rates!$B8 -> 0 | C8: =Rates!D8-Rates!$B8 -> -2.25 | D8: =Rates!E8-Rates!$B8 -> -4.5 | E8: =Rates!F8-Rates!$B8 -> -2 | F8: =Rates!G8-Rates!$B8 -> -2.4 | G8: =Rates!H8-Rates!$B8 -> 1 | H8: =Rates!I8-Rates!$B8 -> 5.37 | I8: =Rates!J8-Rates!$B8 -> -5 | ... S8: =Rates!T8-Rates!$B8 -> 11.5
A9: 35671 | B9: =Rates!C9-Rates!$B9 -> -0.5 | C9: =Rates!D9-Rates!$B9 -> -2.25 | D9: =Rates!E9-Rates!$B9 -> -4.5 | E9: =Rates!F9-Rates!$B9 -> -2 | F9: =Rates!G9-Rates!$B9 -> -2.4 | G9: =Rates!H9-Rates!$B9 -> 1.25 | H9: =Rates!I9-Rates!$B9 -> 8.17 | I9: =Rates!J9-Rates!$B9 -> -5 | ... S9: =Rates!T9-Rates!$B9 -> 11.5
A10: 35703 | B10: =Rates!C10-Rates!$B10 -> -0.5 | C10: =Rates!D10-Rates!$B10 -> -2.25 | D10: =Rates!E10-Rates!$B10 -> -4.5 | E10: =Rates!F10-Rates!$B10 -> -2 | F10: =Rates!G10-Rates!$B10 -> -2.4 | G10: =Rates!H10-Rates!$B10 -> 1.5 | H10: =Rates!I10-Rates!$B10 -> 16.5 | I10: =Rates!J10-Rates!$B10 -> -5 | ... S10: =Rates!T10-Rates!$B10 -> 11.5
A11: 35734 | B11: =Rates!C11-Rates!$B11 -> -0.5 | C11: =Rates!D11-Rates!$B11 -> -2 | D11: =Rates!E11-Rates!$B11 -> -4.5 | E11: =Rates!F11-Rates!$B11 -> -2 | F11: =Rates!G11-Rates!$B11 -> -2.4 | G11: =Rates!H11-Rates!$B11 -> 1.5 | H11: =Rates!I11-Rates!$B11 -> 15.2 | I11: =Rates!J11-Rates!$B11 -> -5 | ... S11: =Rates!T11-Rates!$B11 -> 11.5
A12: 35762 | B12: =Rates!C12-Rates!$B12 -> -0.5 | C12: =Rates!D12-Rates!$B12 -> -2 | D12: =Rates!E12-Rates!$B12 -> -4.5 | E12: =Rates!F12-Rates!$B12 -> -1.75 | F12: =Rates!G12-Rates!$B12 -> -2.2 | G12: =Rates!H12-Rates!$B12 -> 1.5 | H12: =Rates!I12-Rates!$B12 -> 14.5 | I12: =Rates!J12-Rates!$B12 -> -5 | ... S12: =Rates!T12-Rates!$B12 -> 10.5
A13: 35795 | B13: =Rates!C13-Rates!$B13 -> -0.5 | C13: =Rates!D13-Rates!$B13 -> -1.75 | D13: =Rates!E13-Rates!$B13 -> -4.5 | E13: =Rates!F13-Rates!$B13 -> -1.75 | F13: =Rates!G13-Rates!$B13 -> -2.2 | G13: =Rates!H13-Rates!$B13 -> 1.75 | H13: =Rates!I13-Rates!$B13 -> 14.5 | I13: =Rates!J13-Rates!$B13 -> -5 | ... S13: =Rates!T13-Rates!$B13 -> 10.5
... A330: 45443 | B330: =Rates!C330-Rates!$B330 -> 4.35 | C330: =Rates!D330-Rates!$B330 -> 5 | D330: =Rates!E330-Rates!$B330 -> 1.5 | E330: =Rates!F330-Rates!$B330 -> 3.6 | F330: =Rates!G330-Rates!$B330 -> 0 | G330: =Rates!H330-Rates!$B330 -> 5.25 | H330: =Rates!I330-Rates!$B330 -> 6.25 | I330: =Rates!J330-Rates!$B330 -> 0.05 | ... S330: =Rates!T330-Rates!$B330 -> 8.25
